datetime,Symbol,Open,High,Low,Close,Volume,SMA_20,SMA_50,EMA_12,EMA_26,MACD,MACD_signal,RSI,BB_upper,BB_lower,ADX,ATR,Higher_High,Higher_Low,Lower_Low,Lower_High,Break_Prev_Higher_Low,Count_Higher_Low_Breaches,Break_Prev_Lower_High,Count_Lower_High_Breaches,Prev_Higher_Low,Golden_Cross,Death_Cross,Double_Bottom,Doji,Hammer,Pin_bar,Shooting_Star,Bullish_Engulfing,Morning_Star,MACD_final_signal,Evening_Star,Is_Gap_Up,Is_Gap_Down,Is_Gap,Gap_Zone_Low,Gap_Zone_High,Explosive_Gap_Buy,Scores,Signal,Extend_period,Break_Buy_Score,Break_Buy_Confirmations,Break_Buy_Leading_Confirm
2022-07-18 14:45:00,NSE:SUZLON,5.874944,6.288026,5.73725,6.104434,260158777.07089633,,,6.104434,6.104434,0.0,0.0,,,,0.0,,1,0,0,0,,0,,0,,0,0,0,0,0.0,0.0,0.0,0,0.0,0.0,0.0,0,0,0,,,0,0,0,0,0,,
2022-07-25 14:45:00,NSE:SUZLON,6.104434,6.150332,5.415964,6.058536,258224230.90330732,,,6.079572583333333,6.080602346153846,-0.001029762820512481,-0.0005720904558402672,,,,0.0,,0,1,1,0,,0,,0,5.415964,0,0,0,0,0.0,0.0,0.0,0,0.0,0.0,0.0,0,0,0,,,0,0,0,0,0,,
2022-08-01 14:45:00,NSE:SUZLON,6.19623,7.022394,6.012638,6.838802,421186117.0421369,,,6.375900000000001,6.353016120256284,0.022883879743716307,0.009041012084961607,,,,0.0,,0,0,0,0,0.0,0,,0,5.415964,0,0,0,0,0.0,0.0,0.0,0,0.0,1.5,0.0,0,0,0,,,0,0,0,0,0,,
2022-08-08 14:45:00,NSE:SUZLON,6.930598,7.297782,6.747006,6.930598,314855783.4764042,,,6.550996480747126,6.514482773747301,0.036513706999825146,0.0183474805520563,,,,0.0,,0,0,0,0,0.0,0,,0,5.415964,0,0,0,0,0.0,0.0,0.0,0,0.0,0.0,0.0,0,0,0,,,0,0,0,0,0,,
2022-08-16 14:45:00,NSE:SUZLON,7.022394,7.160088,6.838802,7.068292,211811151.90204364,,,6.691543824526022,6.64291341755624,0.0486304069697816,0.027355966516396286,,,,0.0,,0,0,0,0,0.0,0,,0,5.415964,0,0,0,0,0.0,0.0,0.0,0,0.0,0.0,0.0,0,0,0,,,0,0,0,0,0,,
2022-08-22 14:45:00,NSE:SUZLON,7.11419,8.537028,6.976496,7.527272,821365939.6923611,,,6.894669738662131,6.820043388228705,0.07462635043342569,0.04016886874041544,,,,0.0,,0,0,0,0,0.0,0,,0,5.415964,0,0,0,0,0.0,0.0,0.0,0,0.0,0.0,0.0,0,0,0,,,0,0,0,0,0,,
2022-08-29 14:45:00,NSE:SUZLON,7.251884,8.445232,7.068292,8.078048,512559971.02270246,,,7.158736457355072,7.043772987109194,0.11496347024587816,0.05909738704304829,,,,0.0,,0,0,0,0,0.0,0,,0,5.415964,0,0,0,0,0.0,0.0,0.0,0,0.0,0.0,0.0,0,0,0,,,0,0,0,0,0,,
2022-09-05 14:45:00,NSE:SUZLON,8.399334,10.740132,8.307538,8.812416,1608454244.1936467,,,7.503833889566754,7.328745200498632,0.17508868906812136,0.08697227813659139,,,,0.0,,1,0,0,0,0.0,0,,0,5.415964,0,0,0,0,0.0,0.0,0.0,0,0.0,0.0,0.0,0,0,0,,,0,0,0,0,0,,
2022-09-12 14:45:00,NSE:SUZLON,8.904212,9.1796,8.123946,8.307538,428061202.0131595,,,7.662835168830033,7.47382378076143,0.18901138806860285,0.11054381874952078,,,,0.0,,0,0,0,0,0.0,0,,0,5.415964,0,0,0,0,0.0,0.0,0.0,0,0.0,0.0,0.0,0,0,0,,,0,0,0,0,0,,
2022-09-19 14:45:00,NSE:SUZLON,8.399334,9.087804,7.57317,8.353436,694675833.3696456,,,7.793703757938595,7.595201706025156,0.19850205191343928,0.13025156894666645,,,,0.0,,0,0,0,0,0.0,0,,0,5.415964,0,0,0,0,0.0,0.0,0.0,0,0.0,0.0,0.0,0,0,0,,,0,0,0,0,0,,
2022-09-26 14:45:00,NSE:SUZLON,8.215742,8.307538,7.297782,7.986252,822212364.3731751,,,7.828935443569797,7.645921053038604,0.18301439053119317,0.1417957728259712,,,,0.0,,0,0,0,0,0.0,0,,0,5.415964,0,0,0,0,0.0,0.0,0.0,0,0.0,0.0,0.0,0,0,0,,,0,0,0,0,0,,
2022-10-03 14:45:00,NSE:SUZLON,7.6,8.25,7.5,7.65,543493933.0,,,7.797121309123021,7.646422215942378,0.15069909318064312,0.14370783264731635,,,,0.0,,0,0,0,0,0.0,0,,0,5.415964,0,0,0,0,0.0,0.0,0.0,0,0.0,0.0,0.0,0,0,0,,,0,0,0,0,0,,
2022-10-10 14:45:00,NSE:SUZLON,7.6,7.95,6.6,6.7,645187992.0,,,7.606619370787917,7.535549024054273,0.07107034673364421,0.12833521698085143,,,,0.0,,0,1,0,0,,0,,0,6.6,0,0,0,0,0.0,0.0,0.0,0,0.0,0.0,0.0,0,0,0,,,0,0,0,0,0,,
2022-10-17 14:45:00,NSE:SUZLON,6.8,9.6,6.75,8.65,1750779409.0,,,7.78427377866889,7.66071513147384,0.12355864719504961,0.12733595501778774,65.59863308954499,,,0.0,1.2423185714285714,0,0,0,0,0.0,0,,0,6.6,0,0,0,0,0.0,0.0,0.0,0,0.0,0.0,0.0,0,0,0,,,0,0,0,0,0,,
2022-10-24 23:45:00,NSE:SUZLON,8.85,9.0,8.0,8.1,216196468.0,,,7.837163325786137,7.708234993776794,0.12892833200934284,0.12766604440388166,59.03752983887121,,,0.0,1.2744060000000001,0,0,0,0,0.0,0,,0,6.6,0,0,0,0,0.0,0.0,0.0,0,0.0,1.5,0.0,0,0,0,,,0,0,0,0,0,,
2022-10-31 14:45:00,NSE:SUZLON,8.05,8.6,7.7,8.15,324416370.0,,,7.88886205277791,7.754447242440642,0.134414810337268,0.1290548901221802,59.43474722895421,,,0.0,1.286236857142857,0,0,0,0,0.0,0,,0,6.6,0,0,0,0,0.0,0.0,0.0,0,0.0,0.0,0.0,0,0,0,,,0,0,0,0,0,,
2022-11-07 14:45:00,NSE:SUZLON,8.2,8.55,8.05,8.2,288487237.0,,,7.939699903874065,7.79967473828686,0.1400251655872058,0.13129948909057357,59.853993443194504,,,0.0,1.2498257142857143,0,0,0,0,0.0,0,,0,6.6,0,0,0,0,0.0,0.0,0.0,0,0.0,0.0,0.0,0,0,0,,,0,0,0,0,0,,
2022-11-14 14:45:00,NSE:SUZLON,8.3,8.35,7.9,8.1,216063791.0,,,7.965644169775199,7.829346344655342,0.13629782511985766,0.13231749506167892,58.55064263560327,,,0.0,1.2426274285714283,0,0,0,0,0.0,0,,0,6.6,0,0,0,0,0.0,0.0,0.0,0,0.0,0.0,-2.3,0,0,0,,,0,0,0,0,0,,
2022-11-21 14:45:00,NSE:SUZLON,8.1,8.6,7.8,8.45,424902927.0,,,8.04341393095979,7.889186337821821,0.15422759313796952,0.13676358965275667,61.694628559752644,,,0.0,1.2768212857142855,0,0,0,0,0.0,0,,0,6.6,0,0,0,0,0.0,0.0,0.0,0,0.0,0.0,0.0,0,0,0,,,0,0,0,0,0,,
2022-11-28 14:45:00,NSE:SUZLON,8.6,9.5,8.5,9.45,862452361.0,7.7757812,,8.267753090340369,8.036382929538672,0.23137016080169737,0.15590559619235303,68.9429796045596,9.57921776696951,5.97234463303049,0.0,1.2403547142857143,0,0,0,0,0.0,0,,0,6.6,0,0,0,0,0.0,0.0,0.0,0,0.0,0.0,0.0,0,0,0,,,0,0,0,0,0,,
2022-12-05 14:45:00,NSE:SUZLON,9.55,10.5,9.25,9.3,1109136860.0,7.935559500000001,,8.431463887761614,8.15318824036215,0.27827564739946453,0.1806074407359979,66.8980930253098,9.68081356245509,6.190305437544912,0.0,1.2312875714285714,0,0,0,0,0.0,0,,0,6.6,0,0,0,0,0.0,0.0,-1.7,0,0.0,0.0,0.0,0,0,0,,,0,0,0,0,0,,
2022-12-12 14:45:00,NSE:SUZLON,9.3,11.25,9.25,10.75,1488989389.0,8.1701327,,8.797437195750492,8.388901969934283,0.40853522581620894,0.22653186015675547,74.7076964924407,10.104064999597414,6.236200400402587,0.0,1.1839958571428573,0,0,0,0,0.0,0,,0,6.6,0,0,0,0,0.0,0.0,0.0,0,0.0,0.0,0.0,0,0,0,,,0,0,0,0,0,,
2022-12-19 14:45:00,NSE:SUZLON,10.85,12.15,8.9,9.0,2100312878.0,8.2781926,,8.829283665165057,8.443460671436812,0.3858229937282456,0.2585792613375526,57.1753658581116,10.139043940274732,6.417341259725269,0.0,1.3407348571428572,0,0,0,0,0.0,0,,0,6.6,0,0,0,0,0.0,0.0,0.0,0,0.0,0.0,0.0,0,0,0,,,0,0,0,0,0,,
2022-12-26 14:45:00,NSE:SUZLON,9.0,11.0,9.0,10.6,868450247.0,8.461662700000002,,9.106736253222504,8.633112254348681,0.47362399887382267,0.30179227653941965,65.21344600390907,10.479984017605362,6.443341382394641,0.0,1.375403857142857,0,0,0,0,0.0,0,,0,6.6,0,0,0,0,0.0,0.0,0.0,0,0.0,0.0,0.0,0,0,0,,,0,0,0,0,0,,
2023-01-02 14:45:00,NSE:SUZLON,10.7,11.0,10.05,10.2,612611262.0,8.618248099999999,,9.277553474591857,8.769023486685818,0.508529987906039,0.34329661778072074,62.076475636298035,10.667106800597441,6.5693893994025565,0.0,1.3678571428571427,1,0,0,0,0.0,0,,0,6.6,0,0,0,0,0.0,0.0,0.0,0,0.0,0.0,0.0,0,0,0,,,0,0,0,0,0,,
2023-01-09 14:45:00,NSE:SUZLON,10.35,10.55,9.85,10.05,358169464.0,8.7443845,,9.39795569109915,8.878745205768215,0.5192104853309356,0.37858604704626014,60.89354179990474,10.82087603523812,6.667892964761881,0.0,1.3642857142857143,0,0,0,0,0.0,0,,0,6.6,0,0,0,0,0.0,0.0,0.0,0,0.0,0.0,0.0,0,0,0,,,0,0,0,0,0,,
2023-01-16 14:45:00,NSE:SUZLON,10.1,10.25,9.6,10.0,296884660.0,8.8404821,,9.491607443541215,8.973686517153494,0.5179209263877205,0.4065205644332073,60.47982102059105,10.964480424099433,6.716483775900565,0.0,1.3142857142857143,0,0,0,0,0.0,0,,0,6.6,0,0,0,0,0.0,0.0,0.0,0,0.0,0.0,0.0,0,0,0,,,0,0,0,0,0,,
2023-01-23 14:45:00,NSE:SUZLON,10.05,10.1,8.95,9.1,235701221.0,8.8548613,,9.43079445562859,8.984269821638422,0.4465246339901672,0.41453688416203677,53.44145922277224,10.981951172166102,6.727771427833898,0.0,1.1892857142857143,0,0,0,0,0.0,0,,0,6.6,0,0,0,0,0.0,0.0,0.0,0,0.0,0.0,0.0,0,0,0,,,0,0,0,0,0,,
2023-01-30 14:45:00,NSE:SUZLON,9.0,10.2,8.7,9.05,551639096.0,8.891984400000002,,9.371745921419185,8.989724120057303,0.3820218013618817,0.4080237890755216,53.07193898263309,11.0047218418653,6.779246958134705,0.0,1.2249999999999999,0,0,0,0,0.0,0,,0,6.6,0,0,0,0,0.0,0.0,0.0,0,0.0,0.0,0.0,0,0,0,,,0,0,0,0,0,,
2023-02-06 14:45:00,NSE:SUZLON,9.05,9.65,8.9,9.15,274135458.0,8.931812599999999,,9.337402433617314,9.002906430288041,0.33449600332927254,0.39330000476414295,53.76057075025683,11.031797290527088,6.831827909472911,0.0,1.2142857142857142,0,0,0,0,0.0,0,,0,6.6,0,0,0,0,0.0,0.0,0.0,0,0.0,0.0,0.0,0,0,0,,,0,0,0,0,0,,
2023-02-13 14:45:00,NSE:SUZLON,9.2,9.25,8.75,8.9,221155106.0,8.9775,,9.26972837713065,8.994511239460513,0.2752171376701362,0.3696600194378508,51.717349480075534,11.030091430106669,6.924908569893328,0.0,1.2142857142857142,0,0,0,0,0.0,0,,0,6.6,0,0,0,0,0.0,0.0,0.0,0,0.0,0.0,0.0,0,0,0,,,0,0,0,0,0,,
2023-02-20 14:45:00,NSE:SUZLON,8.9,9.1,8.05,8.4,313481532.0,9.015,,9.135282912850748,8.946371895605584,0.18891101724516446,0.3334815554670836,47.8041514849374,10.99146681040476,7.038533189595242,0.0,1.2571428571428573,0,0,0,0,0.0,0,,0,6.6,0,0,0,0,0.0,0.0,0.0,0,0.0,0.0,0.0,0,0,0,,,0,0,0,0,0,,
2023-02-27 14:45:00,NSE:SUZLON,8.4,8.75,8.05,8.5,277996385.0,9.105,,9.037151132552735,8.910475480983864,0.1266756515688705,0.29209414229786806,48.64115159377836,10.778288599388068,7.431711400611933,0.0,1.25,0,0,0,0,0.0,0,,0,6.6,0,0,0,0,0.0,0.0,0.0,0,0.0,0.0,0.0,0,0,0,,,0,0,0,0,0,,
2023-03-06 14:45:00,NSE:SUZLON,8.55,8.95,8.35,8.4,241293044.0,9.0925,,8.938792072890587,8.869682766042281,0.06910930684830596,0.24747455038696856,47.8154137997986,10.783739035052168,7.401260964947832,0.0,1.2178571428571427,0,0,0,0,0.0,0,,0,6.6,0,0,0,0,0.0,0.0,-1.7,0,0.0,0.0,0.0,0,0,0,,,0,0,0,0,0,,
2023-03-13 14:45:00,NSE:SUZLON,8.4,8.5,7.7,8.0,260027758.0,9.0875,,8.793944077486504,8.80058867302507,-0.006644595538565667,0.19663009624096045,44.55705109595476,10.791635835949823,7.383364164050178,0.0,1.1857142857142855,0,0,0,0,0.0,0,,0,6.6,0,0,0,0,0.0,0.0,0.0,0,0.0,0.0,0.0,0,0,0,,,0,0,0,0,0,,
2023-03-20 14:45:00,NSE:SUZLON,8.0,8.0,7.5,7.55,153982596.0,9.0575,,8.602099115737564,8.701763596447707,-0.09966448071014256,0.137351943990508,41.15897381594389,10.84996228764556,7.265037712354439,0.0,1.0785714285714285,0,0,0,0,0.0,0,,0,6.6,0,0,0,0,0.0,0.0,0.0,0,0.0,0.0,0.0,0,0,0,,,0,0,0,0,0,,
2023-03-27 14:45:00,NSE:SUZLON,7.6,8.25,6.95,7.9,294834118.0,9.0425,,8.493859990104719,8.638717953473755,-0.1448579633690361,0.080895305537275,44.691985633423265,10.869857885611147,7.215142114388854,0.0,0.9392857142857142,0,1,0,0,,0,,0,6.95,0,0,0,0,0.0,0.0,0.0,0,0.0,0.0,0.0,0,0,0,,,0,0,0,0,0,,
2023-04-03 14:45:00,NSE:SUZLON,7.9,8.3,7.9,8.15,105390337.0,9.045,,8.440865705351328,8.60046267954398,-0.1595969741926524,0.032786857857619284,47.133729861197914,10.867057830268315,7.2229421697316845,0.0,0.825,0,0,0,0,0.0,0,,0,6.95,0,0,0,0,0.0,0.0,0.0,0,0.0,0.0,0.0,0,0,0,,,0,0,0,0,0,,
2023-04-10 14:45:00,NSE:SUZLON,8.2,8.35,8.0,8.05,152838880.0,9.025,,8.380643336967081,8.557554557256148,-0.17691122028906747,-0.009159727343640199,46.25408597909936,10.882984193462871,7.1670158065371306,0.0,0.7821428571428571,0,0,0,0,0.0,0,,0,6.95,0,0,0,0,0.0,0.0,0.0,0,0.0,0.0,0.0,0,0,0,,,0,0,0,0,0,,
2023-04-17 14:45:00,NSE:SUZLON,8.0,8.2,7.95,7.95,153363855.0,8.95,,8.314307392699883,8.510378980134004,-0.1960715874341208,-0.04654706899185699,45.342772419170785,10.856222497644566,7.043777502355431,0.0,0.7499999999999998,0,0,0,0,0.0,0,,0,6.95,0,0,0,0,0.0,0.0,-1.7,0,0.0,0.0,0.0,0,0,0,,,0,0,0,0,0,,
2023-04-24 14:45:00,NSE:SUZLON,8.0,8.75,7.9,8.3,356998235.0,8.9,,8.312103919051223,8.494101589491708,-0.18199767044048443,-0.07364007030364915,49.12116929185182,10.819978070050194,6.980021929949808,0.0,0.764285714285714,0,0,0,0,0.0,0,,0,6.95,0,0,0,0,0.0,0.0,0.0,0,0.0,0.0,0.0,0,0,0,,,0,0,0,0,0,,
2023-05-02 14:45:00,NSE:SUZLON,8.35,8.9,7.9,8.65,468845288.0,8.794999999999998,,8.364134611584293,8.50612407660624,-0.14198946502194687,-0.08731111225093673,52.64647640914141,10.507462062584,7.082537937415996,0.0,0.7535714285714283,0,0,0,0,0.0,0,,0,6.95,0,0,0,0,0.0,0.0,0.0,0,0.0,0.0,0.0,0,0,0,,,0,0,0,0,0,,
2023-05-08 14:45:00,NSE:SUZLON,8.7,8.8,8.2,8.25,267737797.0,8.757499999999999,,8.346562100592621,8.4864323713535,-0.13987027076087877,-0.09782365939981037,48.50967358803505,10.483851491928624,7.0311485080713725,0.0,0.6892857142857142,0,0,0,0,0.0,0,,0,6.95,0,0,0,0,0.0,0.0,0.0,0,0.0,0.0,0.0,0,0,0,,,0,0,0,0,0,,
2023-05-15 14:45:00,NSE:SUZLON,8.25,9.0,8.2,8.5,406734376.0,8.6525,,8.3701831041845,8.487472575256271,-0.11728947107177135,-0.10171703370966263,51.09612023531716,10.146866614638908,7.158133385361092,0.0,0.6928571428571428,0,0,0,0,0.0,0,,0,6.95,0,0,0,0,0.0,0.0,0.0,0,0.0,0.0,0.0,0,0,0,,,0,0,0,0,0,,
2023-05-22 14:45:00,NSE:SUZLON,8.6,10.3,8.5,10.0,1070795786.0,8.6425,,8.621060523370877,8.603135105597687,0.017925417773190233,-0.07778750113495014,63.0795430247785,10.095364683813902,7.189635316186099,0.0,0.7857142857142857,0,0,0,0,0.0,0,,0,6.95,0,0,0,0,0.0,0.0,0.0,0,0.0,1.5,0.0,0,0,0,,,0,0,0,0,0,,
2023-05-29 14:45:00,NSE:SUZLON,10.15,12.0,10.1,11.0,1799812914.0,8.69,,8.987219610935764,8.785984623429915,0.201234987505849,-0.02198105883608697,68.6030883441105,10.379472044596673,7.000527955403325,0.0,0.8535714285714285,0,0,0,0,0.0,0,,0,6.95,0,0,0,0,0.0,0.0,0.0,0,0.0,0.0,0.0,0,0,0,,,0,0,0,0,0,,
2023-06-05 14:45:00,NSE:SUZLON,11.1,14.6,11.0,14.0,3041662250.0,8.889999999999999,,9.75871682312131,9.182867711735904,0.5758491113854056,0.09758830831569953,78.83370222128191,11.764131447750318,6.01586855224968,0.0,1.0607142857142857,0,0,0,0,0.0,0,,0,6.95,0,0,0,0,0.0,0.0,0.0,0,0.0,0.0,0.0,0,0,0,,,0,0,0,0,0,,
2023-06-12 14:45:00,NSE:SUZLON,14.15,15.75,14.0,14.75,1535404889.0,9.1725,,10.526859478182669,9.605764946825456,0.9210945313572125,0.2622932259664036,80.54082181742028,13.06412055271525,5.2808794472847485,0.0,1.1428571428571428,1,0,0,0,0.0,0,,0,6.95,0,0,0,0,0.0,0.0,0.0,0,0.0,0.0,0.0,0,0,0,,,0,0,0,0,0,,
2023-06-19 14:45:00,NSE:SUZLON,14.95,15.05,13.25,13.85,778629376.0,9.4125,,11.038254352642076,9.92756274284824,1.110691609793836,0.4319759299724874,72.93857045355806,13.828961431841936,4.996038568158062,0.0,1.2142857142857142,0,1,0,0,,0,,0,13.25,0,0,0,0,0.0,0.0,0.0,0,0.0,0.0,0.0,0,0,0,,,0,0,0,0,0,,
2023-06-26 14:45:00,NSE:SUZLON,13.95,15.65,13.65,15.3,639399021.0,9.72,8.94231248,11.694062141163894,10.334190869416327,1.3598712717475667,0.6175576470382781,76.74676949872544,14.857109570258558,4.582890429741443,0.0,1.3214285714285714,0,0,0,0,0.0,0,,0,13.25,0,0,0,0,0.0,0.0,0.0,0,0.0,0.0,0.0,0,0,0,,,0,0,0,0,0,,
2023-07-03 14:45:00,NSE:SUZLON,15.75,18.450001,15.75,17.85,2039206250.0,10.1675,9.1772238,12.641318469983826,10.902129649964568,1.7391888200192582,0.8418864430165259,81.64002463527187,16.43808924453549,3.8969107554645106,0.0,1.4535715000000002,0,0,0,0,0.0,0,,0,13.25,0,0,0,0,0.0,0.0,0.0,0,0.0,0.0,0.0,1,0,1,15.65,15.75,0,0,0,0,0,,
2023-07-10 14:45:00,NSE:SUZLON,18.049999,18.549999,17.049999,17.700001,944647791.0,10.63250005,9.4100531,13.419708710869886,11.41505164213631,2.004657068733575,1.0744426924183061,80.56603662362625,17.682119511696992,3.5828805883030093,0.0,1.5321429285714285,0,0,0,0,0.0,0,,0,13.25,0,0,0,0,0.0,0.0,0.0,0,0.0,0.0,0.0,0,0,0,,,0,0,0,0,0,,
2023-07-17 14:45:00,NSE:SUZLON,18.25,19.6,17.799999,19.6,596159194.0,11.18750005,9.66527706,14.370658578021333,12.031782579397653,2.3388759986236796,1.3273312016442322,83.52287410304075,19.210747693074804,3.164252406925197,0.0,1.6428571428571428,0,0,0,0,0.0,0,,0,13.25,0,0,0,0,0.0,0.0,0.0,0,0.0,0.0,0.0,0,0,0,,,0,0,0,0,0,,
2023-07-24 14:45:00,NSE:SUZLON,20.549999,20.799999,17.450001,18.049999,1183899270.0,11.67,9.88766508,14.936779369059435,12.48467398444669,2.4521053846127447,1.552287353333071,73.67485955003363,20.135869549021706,3.204130450978294,0.0,1.8642855714285715,0,0,0,0,0.0,0,,0,13.25,0,0,0,0,0.0,0.0,0.0,0,0.0,0.0,0.0,0,0,0,,,0,0,0,0,0,,
2023-07-31 14:45:00,NSE:SUZLON,18.200001,19.85,17.700001,18.4,884779714.0,12.190000000000001,10.114299240000001,15.46963703401844,12.929298165538976,2.5403388684794646,1.7498985805515723,74.40862762730879,20.97818584117039,3.4018141588296125,0.0,1.957142642857143,0,0,0,0,0.0,0,,0,13.25,0,0,0,0,0.0,0.0,0.0,0,0.0,0.0,0.0,0,0,0,,,0,0,0,0,0,,
2023-08-07 14:45:00,NSE:SUZLON,18.6,21.25,18.25,20.200001,823211061.0,12.822500050000002,10.36775382,16.197448313397818,13.475203525173596,2.722244788224222,1.9443685496846383,77.83096659178402,22.016117848348255,3.628882251651749,0.0,2.099999785714286,0,0,0,0,0.0,0,,0,13.25,0,0,0,0,0.0,0.0,0.0,0,0.0,0.0,0.0,0,0,0,,,0,0,0,0,0,,
2023-08-14 14:45:00,NSE:SUZLON,19.549999,20.5,19.299999,19.799999,377372317.0,13.4175,10.60219284,16.751727463227862,13.949608843135989,2.802118620091873,2.1159190772434653,75.41731481881752,22.807936065206853,4.027063934793148,0.0,2.1428570000000002,0,0,0,0,0.0,0,,0,13.25,0,0,0,0,0.0,0.0,0.0,0,0.0,0.0,0.0,0,0,0,,,0,0,0,0,0,,
2023-08-21 14:45:00,NSE:SUZLON,20.1,22.85,19.799999,22.4,902399558.0,14.13,10.87394452,17.620746307081113,14.582858268120567,3.0378880389605456,2.300313311123352,79.80190189990739,23.988386759238935,4.271613240761065,0.0,2.3035713571428573,0,0,0,0,0.0,0,,0,13.25,0,0,0,0,0.0,0.0,0.0,0,0.0,0.0,0.0,0,0,0,,,0,0,0,0,0,,
2023-08-28 14:45:00,NSE:SUZLON,23.4,27.049999,23.25,25.0,1107745281.0,14.977500000000001,11.20779376,18.756075621821072,15.362817379896198,3.3932582419248742,2.518902716017767,83.05643497948843,25.52530970129522,4.429690298704781,0.0,2.5071427142857146,0,0,0,0,0.0,0,,0,13.25,0,0,0,0,0.0,0.0,0.0,0,0.0,0.0,0.0,1,0,1,22.85,23.25,0,0,0,0,0,,
2023-09-04 14:45:00,NSE:SUZLON,25.450001,25.700001,23.4,24.049999,687312930.0,15.782499949999998,11.521725020000002,19.570561500277677,16.012730764564374,3.5578307357133028,2.7266886383878735,78.10434200464725,26.527695778001746,5.03730412199825,0.0,2.528571357142858,1,0,0,0,0.0,0,,0,13.25,0,0,0,0,0.0,0.0,0.0,0,0.0,0.0,0.0,0,0,0,,,0,0,0,0,0,,
2023-09-11 14:45:00,NSE:SUZLON,24.299999,24.4,21.700001,24.200001,879734734.0,16.5775,11.845999999999998,20.282809694340216,16.624792104756196,3.65801758958402,2.9129546569885774,78.32410281401553,27.34448047296754,5.810519527032463,0.0,2.464285571428572,0,1,0,0,,0,,0,21.700001,0,0,0,0,0.0,0.0,0.0,0,0.0,0.0,0.0,0,0,0,,,1,0,0,0,0,,
2023-09-18 14:45:00,NSE:SUZLON,24.700001,26.25,24.5,25.049999,570402809.0,17.39749995,12.193999980000001,21.01624672646033,17.254210762730764,3.7620359637295664,3.0827710848922427,79.5751037920835,28.120297700538273,6.674702199461725,0.0,2.4857140714285717,0,0,0,0,0.0,0,,0,21.700001,0,0,0,0,0.0,0.0,0.0,0,0.0,0.0,0.0,1,0,1,24.4,24.5,0,0,0,0,0,,
2023-09-25 14:45:00,NSE:SUZLON,25.75,26.4,24.950001,25.799999,428830981.0,18.2749999,12.575999959999999,21.75222839235988,17.892234070579182,3.8599943217806967,3.2382158542377617,80.63699811026535,28.714524710722262,7.83547508927774,0.0,2.460714,0,0,0,0,0.0,0,,0,21.700001,0,0,0,0,0.0,0.0,0.0,0,0.0,0.0,0.0,0,0,0,,,0,0,0,0,0,,
2023-10-03 14:45:00,NSE:SUZLON,25.950001,29.799999,25.75,29.1,1121463962.0,19.3049999,12.98499996,22.88268049805358,18.7285095175809,4.154170980472681,3.421406994475688,84.4642790578537,29.748678178420842,8.861321621579155,0.0,2.6071424999999997,0,0,0,0,0.0,0,,0,21.700001,0,0,0,0,0.0,0.0,0.0,0,0.0,0.0,0.0,0,0,0,,,0,0,0,0,0,,
2023-10-09 14:45:00,NSE:SUZLON,28.200001,28.6,26.299999,26.799999,386617523.0,20.144999849999998,13.358999939999999,23.485356478496133,19.330443430139432,4.1549130483567005,3.568108278920602,73.55210248886348,30.129877531247537,10.160122168752457,0.0,2.5821425000000002,0,0,0,0,0.0,0,,0,21.700001,0,0,0,0,0.0,0.0,0.0,0,0.0,0.0,0.0,0,0,0,,,0,0,0,0,0,,
2023-10-16 14:45:00,NSE:SUZLON,27.6,33.150002,27.049999,32.5,825129092.0,21.21999985,13.845999939999999,24.87224729123758,20.31207528893594,4.560172002301641,3.766521103306089,80.33324187767872,31.677603202484562,10.76239649751544,0.0,2.9285712857142863,0,0,0,0,0.0,0,,0,21.700001,0,0,0,0,0.0,0.0,0.0,0,0.0,0.0,0.0,0,0,0,,,0,0,0,0,0,,
2023-10-23 14:45:00,NSE:SUZLON,33.25,34.099998,30.299999,32.099998,408358231.0,22.12499975,14.3239999,25.984224256705165,21.190315578900275,4.79390867780489,3.9719986842437978,78.80622458282558,33.07303430516354,11.176965194836463,0.0,3.0642855714285715,0,0,0,0,0.0,0,,0,21.700001,0,0,0,0,0.0,0.0,0.0,0,0.0,0.0,0.0,0,0,0,,,0,0,0,0,0,,
2023-10-30 14:45:00,NSE:SUZLON,32.700001,34.25,30.0,34.25,260690144.0,23.099999750000002,14.8469999,27.255896886155977,22.162888888529928,5.093007997626049,4.196200604564823,80.90702000550077,34.73429522049322,11.46570427950678,0.0,3.128571428571429,0,0,0,0,0.0,0,,0,21.700001,0,0,0,0,0.0,0.0,0.0,0,0.0,0.0,0.0,0,0,0,,,0,0,0,0,0,,
2023-11-06 14:45:00,NSE:SUZLON,35.950001,39.200001,35.0,38.4,390757515.0,24.32749975,15.445999899999999,28.970391198145958,23.371609405519436,5.5987817926265215,4.476716899876018,84.16897762106719,36.98773451106448,11.667264988935521,0.0,3.3285715714285717,0,0,0,0,0.0,0,,0,21.700001,0,0,0,0,0.0,0.0,0.0,0,0.0,0.0,0.0,1,0,1,34.25,35.0,0,0,0,0,0,,
2023-11-13 14:45:00,NSE:SUZLON,38.599998,44.0,37.799999,42.299999,466092336.0,25.6774997,16.102999880000002,31.021117205109746,24.780155636503622,6.240961568606124,4.829565891683502,86.50271552351879,39.941199044692866,11.41380035530713,0.0,3.557143071428572,1,0,0,0,0.0,0,,0,21.700001,0,0,0,0,0.0,0.0,0.0,0,0.0,0.0,0.0,0,0,0,,,0,0,0,0,0,,
2023-11-20 14:45:00,NSE:SUZLON,42.5,43.0,35.5,40.599998,504326000.0,26.8149996,16.72899984,32.49480158011245,25.956980352218203,6.5378212278942485,5.171217003900728,80.90407143353119,42.04609935460537,11.583899845394631,0.0,4.007143,0,0,0,0,0.0,0,,0,21.700001,0,0,0,0,0.0,0.0,0.0,0,0.0,0.0,0.0,0,0,0,,,0,0,0,0,0,,
2023-11-28 14:45:00,NSE:SUZLON,41.349998,41.700001,37.599998,39.400002,1089612062.0,27.89999965,17.30199988,33.55714645396505,26.95668039474188,6.600466059223173,5.457066845068718,77.11021961728278,43.48467486570312,12.315324434296883,0.0,4.082143142857143,0,0,0,0,0.0,0,,0,21.700001,0,0,0,0,0.0,0.0,0.0,0,0.0,0.0,0.0,0,0,0,,,0,0,0,0,0,,
2023-12-04 14:45:00,NSE:SUZLON,41.0,41.0,38.0,38.75,228417433.0,28.85749965,17.89699988,34.356051038716835,27.833443441683137,6.522607597033698,5.670175013416041,75.05706736444124,44.64681229731751,13.068187002682496,0.0,3.9642860714285715,0,0,0,0,0.0,0,,0,21.700001,0,0,0,0,0.0,0.0,0.0,0,0.0,0.0,0.0,0,0,0,,,0,0,0,0,0,,
2023-12-11 14:45:00,NSE:SUZLON,38.849998,39.5,36.0,38.549999,325398593.0,29.88249965,18.45599986,35.00127656232857,28.62994046862068,6.371336093707889,5.810407238926043,74.40063794854134,45.37658235245548,14.38841694754452,0.0,4.050000285714286,0,0,0,0,0.0,0,,0,21.700001,0,0,0,0,0.0,0.0,0.0,0,0.0,0.0,0.0,0,0,0,,,0,0,0,0,0,,
2023-12-18 14:45:00,NSE:SUZLON,38.75,38.75,33.900002,37.25,236096681.0,30.824999650000002,18.996999860000003,35.34723526662371,29.27045750647442,6.0767777601492945,5.863681346043227,70.10860263533138,45.65727230440939,15.992726995590612,0.0,4.203571642857143,0,1,0,0,,0,,0,33.900002,0,0,0,0,0.0,0.0,0.0,0,0.0,0.0,0.0,0,0,0,,,1,0,0,0,0,,
2023-12-26 14:45:00,NSE:SUZLON,37.25,38.700001,36.200001,38.200001,131802667.0,31.724999649999994,19.55999988,35.78612364684998,29.933817418859192,5.852306227990788,5.861406322334604,71.40672677889825,46.01730550094112,17.43269379905887,0.0,4.235714571428572,0,0,0,0,0.0,0,,0,33.900002,0,0,0,0,0.0,0.0,0.0,0,0.0,0.0,0.0,0,0,0,,,0,0,0,0,0,,
2024-01-01 14:45:00,NSE:SUZLON,38.5,40.599998,37.099998,40.599998,201763892.0,32.764999599999996,20.171999839999998,36.52672162064996,30.726019364653634,5.800702255996324,5.849265508647984,74.42809969827118,46.41637692276217,19.113622277237823,0.0,4.382143214285715,0,0,0,0,0.0,0,,0,33.900002,0,0,0,0,0.0,0.0,0.0,0,0.0,0.0,0.0,0,0,0,,,0,0,0,0,0,,
2024-01-08 14:45:00,NSE:SUZLON,41.5,45.400002,40.0,44.900002,386849690.0,33.8899997,20.887999880000002,37.8149214271713,31.778545240895383,6.036376186275916,5.886687645206683,78.75883495656984,47.6528256826016,20.127173717398396,0.0,4.478572000000001,0,0,0,0,0.0,0,,0,33.900002,0,0,0,0,0.0,0.0,0.0,0,0.0,1.5,0.0,0,0,0,,,0,0,0,0,0,,
2024-01-15 14:45:00,NSE:SUZLON,45.200001,45.700001,40.099998,41.799999,445390950.0,34.72999965,21.54299986,38.42801142221323,32.5225777591878,5.905433663025434,5.890436848853237,69.60660313908642,48.25694777369213,21.203051526307874,0.0,4.678572142857143,0,0,0,0,0.0,0,,0,33.900002,0,0,0,0,0.0,0.0,0.0,0,0.0,0.0,0.0,0,0,0,,,0,0,0,0,0,,
2024-01-23 14:45:00,NSE:SUZLON,42.5,43.0,40.200001,42.549999,149185708.0,35.65499965,22.21099984,39.06216435298515,33.26692686468719,5.795237488297957,5.871396976405776,70.49977870461208,48.62561033456423,22.684388965435776,0.0,4.425000428571429,0,0,0,0,0.0,0,,0,33.900002,0,0,0,0,0.0,0.0,0.0,0,0.0,0.0,0.0,0,0,0,,,0,0,0,0,0,,
2024-01-29 14:45:00,NSE:SUZLON,43.0,50.599998,42.549999,48.599998,713688153.0,36.8749995,23.0049998,40.529525325146295,34.404942579320206,6.124582745826089,5.922034131005582,76.49930567828885,49.89896540743005,23.851033592569955,0.0,4.728571857142858,0,0,0,0,0.0,0,,0,33.900002,0,0,0,0,0.0,0.0,0.0,0,0.0,1.5,0.0,0,0,0,,,0,0,0,0,0,,
2024-02-05 14:45:00,NSE:SUZLON,49.599998,50.0,46.900002,47.349998,374915366.0,37.989999450000006,23.78399976,41.57882999321829,35.3655806393733,6.2132493538449935,5.980277176232066,73.18747668019489,50.56183913265272,25.41815976734729,0.0,4.646428857142857,1,0,0,0,0.0,0,,0,33.900002,0,0,0,0,0.0,0.0,0.0,0,0.0,0.0,0.0,0,0,0,,,0,0,0,0,0,,
2024-02-12 14:45:00,NSE:SUZLON,47.950001,48.200001,42.049999,46.849998,329310797.0,39.0424994,24.55099972,42.38977968875437,36.217711513372926,6.1720681753814475,6.018635376408941,71.84759235782504,50.81661299694182,27.268385803058173,0.0,4.732143214285714,0,0,0,0,0.0,0,,0,33.900002,0,0,0,0,0.0,0.0,0.0,0,0.0,0.0,0.0,0,0,0,,,0,0,0,0,0,,
2024-02-19 14:45:00,NSE:SUZLON,47.5,47.599998,43.75,44.900002,118588467.0,39.8324995,25.28099976,42.775968047482785,36.861847329222975,5.9141207182598095,5.9977324446278395,66.71757117884172,50.896584178768265,28.76841482123173,0.0,4.564285857142857,0,0,0,0,0.0,0,,0,33.900002,0,0,0,0,0.0,0.0,0.0,0,0.0,0.0,0.0,0,0,0,,,0,0,0,0,0,,
2024-02-26 14:45:00,NSE:SUZLON,45.75,46.0,41.049999,43.950001,233925791.0,40.6899996,25.99999978,42.95658862473189,37.38765398958649,5.568934635145403,5.9119728822348385,64.30849619246345,50.024350166195774,31.355649033804227,0.0,4.382143071428572,0,0,0,0,0.0,0,,0,33.900002,0,0,0,0,0.0,0.0,0.0,0,0.0,0.0,0.0,0,0,0,,,0,0,0,0,0,,
2024-03-04 14:45:00,NSE:SUZLON,42.799999,43.799999,37.200001,40.599998,195690883.0,41.0949995,26.66099974,42.5940360119908,37.62592354311466,4.968112468876143,5.723200798688767,56.55359726238284,49.59910978546647,32.59088921453353,0.0,4.571428571428571,0,0,0,0,0.0,0,,0,33.900002,0,0,0,0,0.0,0.0,0.0,0,0.0,0.0,0.0,0,0,0,,,0,0,0,0,0,,
2024-03-11 14:45:00,NSE:SUZLON,41.5,42.0,35.5,39.400002,337063681.0,41.4599997,27.290999779999996,42.10264592437482,37.75749943293792,4.3451464914369,5.44758993621716,54.039741602979426,48.89841984097705,34.021579559022946,0.0,4.821428571428571,0,1,0,0,,0,,0,35.5,0,0,0,0,0.0,0.0,0.0,0,0.0,0.0,0.0,0,0,0,,,0,0,0,0,0,,
2024-03-18 14:45:00,NSE:SUZLON,38.849998,38.900002,35.599998,37.349998,142897056.0,41.6149996,27.874999740000003,41.37146901893288,37.72727954748573,3.6441894714471488,5.086909842194002,49.95452985413158,48.531729377028334,34.69826982297166,0.0,4.8428574285714285,0,0,0,0,0.0,0,,0,35.5,0,0,0,0,0.0,0.0,0.0,0,0.0,0.0,0.0,0,0,0,,,0,0,0,0,0,,
2024-03-26 14:45:00,NSE:SUZLON,37.5,40.400002,36.799999,40.400002,162090391.0,41.7149997,28.52199978,41.222012502301496,37.92546905957105,3.296543442730446,4.728836561452148,55.36135911100824,48.49244624105458,34.93755315894542,0.0,4.753572071428572,0,0,0,0,0.0,0,,0,35.5,0,0,0,0,0.0,0.0,0.0,0,0.0,0.0,0.0,0,0,0,,,0,0,0,0,0,,
2024-04-01 14:45:00,NSE:SUZLON,39.950001,44.599998,38.400002,42.650002,138302330.0,41.732499849999996,29.21599982,41.44170325915617,38.275778268652054,3.1659249905041165,4.41625424666953,58.889885430098,48.51810912249417,34.946890577505826,0.0,5.0178575,0,0,0,0,0.0,0,,0,35.5,0,0,0,0,0.0,0.0,0.0,0,0.0,0.0,0.0,0,0,0,,,0,0,0,0,0,,
2024-04-08 14:45:00,NSE:SUZLON,43.150002,43.150002,40.799999,42.150002,106520267.0,41.81000005,29.89299986,41.55067232344815,38.56301883045767,2.987653492990475,4.130534095500078,57.796542434416125,48.57652702482721,35.04347307517279,0.0,4.935714857142857,0,0,0,0,0.0,0,,0,35.5,0,0,0,0,0.0,0.0,0.0,0,0.0,0.0,0.0,0,0,0,,,0,0,0,0,0,,
2024-04-15 14:45:00,NSE:SUZLON,40.049999,41.700001,39.099998,39.349998,136603930.0,41.80749985,30.50699982,41.212106971306426,38.62136267562345,2.590744295682974,3.8225761351627447,51.97686240551194,48.57781212057247,35.03718757942753,0.0,4.767857857142857,0,0,0,0,0.0,0,,0,35.5,0,0,0,0,0.0,0.0,-1.7,0,0.0,0.0,0.0,0,0,0,,,0,0,0,0,0,,
2024-04-22 14:45:00,NSE:SUZLON,38.849998,42.5,38.599998,41.650002,206651499.0,41.95249995,31.17499986,41.279475449316436,38.845881250710136,2.4335941986063006,3.544779747581623,55.904622359353795,48.5695808584092,35.335419041590804,0.0,4.646429214285715,0,0,0,0,0.0,0,,0,35.5,0,0,0,0,0.0,0.0,0.0,2,0.0,0.0,0.0,0,0,0,,,0,0,0,0,0,,
2024-04-29 14:45:00,NSE:SUZLON,41.849998,42.299999,41.0,41.349998,103570233.0,42.09249989999999,31.83199982,41.290325074141585,39.03150528664427,2.258819787497316,3.2875877553649056,55.269636355615745,48.52230475862619,35.662695041373794,0.0,4.539286357142857,0,0,0,0,0.0,0,,0,35.5,0,0,0,0,0.0,0.0,0.0,0,0.0,0.0,0.0,0,0,0,,,0,0,0,0,0,,
2024-05-06 14:45:00,NSE:SUZLON,42.0,42.0,39.0,39.900002,105743246.0,42.225,32.429999859999995,41.0764291891726,39.095881376459836,1.9805478127127643,3.026179766671972,52.184446080814574,48.33594740178496,36.11405259821504,0.0,4.178572142857143,0,0,0,0,0.0,0,,0,35.5,0,0,0,0,0.0,0.0,0.0,0,0.0,0.0,0.0,0,0,0,,,0,0,0,0,0,,
2024-05-13 14:45:00,NSE:SUZLON,39.900002,43.049999,37.900002,42.5,148742186.0,42.43999995,33.05999986,41.29544010689266,39.34819435984775,1.94724574704491,2.810392962639244,56.8370623405232,48.249846033296244,36.63015386670376,0.0,4.325000642857143,0,0,0,0,0.0,0,,0,35.5,0,0,0,0,0.0,0.0,0.0,0,0.0,0.0,0.0,0,0,0,,,0,0,0,0,0,,
2024-05-21 14:45:00,NSE:SUZLON,42.5,49.0,41.900002,45.950001,269435509.0,42.7075001,33.69899988,42.011526463837725,39.83749727741206,2.1740291864256633,2.6831202073458917,62.10606735749098,48.65173841196956,36.763261788030434,0.0,4.3928575,0,0,0,0,0.0,0,,0,35.5,0,0,0,0,0.0,0.0,0.0,0,0.0,0.0,0.0,0,0,0,,,0,0,0,0,0,,
2024-05-27 14:45:00,NSE:SUZLON,45.25,47.650002,43.400002,47.650002,242718970.0,42.84500010000001,34.35699992,42.878984305973454,40.41650834539503,2.4624759605784234,2.638991357978352,64.41144766080296,49.120759458038926,36.56924074196109,0.0,4.421429071428571,0,0,0,0,0.0,0,,0,35.5,0,0,0,0,0.0,0.0,0.0,0,0.0,0.0,0.0,0,0,0,,,0,0,0,0,0,,
2024-06-03 14:45:00,NSE:SUZLON,50.0,52.099998,45.150002,49.900002,347502646.0,43.25000025,35.07799996,43.95914094523822,41.1193344180016,2.839806527236618,2.679154391840232,67.25123519471137,50.24593908395463,36.25406141604537,0.0,4.564285857142857,0,0,0,0,0.0,0,,0,35.5,0,0,0,0,0.0,0.0,0.0,0,0.0,1.5,0.0,0,0,0,,,0,0,0,0,0,,
2024-06-10 14:45:00,NSE:SUZLON,47.400002,51.189999,47.02,49.48,358722516.0,43.5965003,35.76159996,44.808503923949225,41.738924642117134,3.069579281832091,2.7572393698545095,66.18949533705765,51.11352183000372,36.079478769996285,0.0,4.380000071428571,0,0,0,0,0.0,0,,0,35.5,0,0,0,0,0.0,0.0,0.0,0,0.0,0.0,0.0,0,0,0,,,0,0,0,0,0,,
2024-06-18 14:45:00,NSE:SUZLON,49.599998,53.049999,48.75,53.049999,318762898.0,43.819000349999996,36.465599940000004,46.07642630297309,42.5771348223107,3.499291480662393,2.9056497920402715,70.45871633330745,52.176098602813006,35.461902097186986,0.0,4.222857142857142,0,0,0,0,0.0,0,,0,35.5,0,0,0,0,0.0,0.0,0.0,0,0.0,0.0,0.0,0,0,0,,,0,0,0,0,0,,
2024-06-24 14:45:00,NSE:SUZLON,55.450001,55.700001,51.5,52.860001,356828688.0,44.094500499999995,37.16879994000001,47.12005322097023,43.339125592873515,3.7809276280967126,3.080705359274382,69.95246563983488,53.2653803284232,34.92362067157679,0.0,4.251428357142857,0,0,0,0,0.0,0,,0,35.5,0,0,0,0,0.0,0.0,0.0,0,0.0,0.0,0.0,0,0,0,,,0,0,0,0,0,,
2024-07-01 14:45:00,NSE:SUZLON,53.200001,56.490002,52.43,55.490002,239943078.0,44.5265007,37.88659998,48.407737691873415,44.23951543740263,4.168222254470784,3.298208738336347,72.85944043799299,54.96964127862156,34.08336012137844,0.0,4.284285428571428,0,0,0,0,0.0,0,,0,35.5,0,0,0,0,0.0,0.0,0.0,0,0.0,0.0,0.0,0,0,0,,,0,0,0,0,0,,
2024-07-08 14:45:00,NSE:SUZLON,55.950001,56.0,53.650002,54.630001,189734307.0,45.013000649999995,38.61820002,49.365008997321794,45.009438297225756,4.355570700096038,3.50968113070593,70.45896956532255,56.393859007250526,33.632142292749464,0.0,4.009285571428571,0,0,0,0,0.0,0,,0,35.5,0,0,0,0,0.0,0.0,0.0,0,0.0,0.0,0.0,0,0,0,,,0,0,0,0,0,,
2024-07-15 14:45:00,NSE:SUZLON,55.0,56.0,53.82,54.549999,224094546.0,45.54300055,39.3412,50.16269978619616,45.71636521324834,4.446334572947819,3.697011819166813,70.22717546031589,57.67772733237783,33.40827376762218,0.0,3.9971424999999994,0,0,0,0,0.0,0,,0,35.5,0,0,0,0,0.0,0.0,0.0,0,0.0,0.0,0.0,0,0,0,,,0,0,0,0,0,,
2024-07-22 14:45:00,NSE:SUZLON,54.66,63.75,53.5,61.889999,658634752.0,46.607500599999995,40.17499996,51.9668997020485,46.91475546546058,5.052144236587921,3.9680383026655073,77.53073861656017,60.521317654546095,32.693683545453894,0.0,4.511427928571428,0,0,0,0,0.0,0,,0,35.5,0,0,0,0,0.0,0.0,0.0,0,0.0,0.0,0.0,0,0,0,,,0,0,0,0,0,,
2024-07-29 14:45:00,NSE:SUZLON,62.950001,71.370003,62.380001,71.349998,609836888.0,48.2050004,41.20599994,54.948914876284334,48.7252536686938,6.223661207590531,4.4191628836697845,83.23792684949173,65.54844131507645,30.861559484923568,0.0,4.909999499999999,0,0,0,0,0.0,0,,0,35.5,0,0,0,0,0.0,0.0,0.0,0,0.0,0.0,0.0,0,0,0,,,0,0,0,0,0,,
2024-08-05 14:45:00,NSE:SUZLON,69.900002,76.559998,65.599998,76.540001,727714236.0,50.16450055,42.28879996,58.27062048229551,50.78611147658735,7.484509005708162,5.032232108098412,85.42517452934216,70.87312750044873,29.45587359955127,0.0,5.59999957142857,0,0,0,0,0.0,0,,0,35.5,0,0,0,0,0.0,0.0,0.0,0,0.0,0.0,0.0,0,0,0,,,0,0,0,0,0,,
2024-08-12 14:45:00,NSE:SUZLON,77.150002,84.290001,74.120003,79.949997,622556700.0,52.14200029999999,43.3877999,61.60590921854723,52.94689067717194,8.65901854137529,5.757589394773619,86.65711810833288,76.20614530295781,28.077855297042177,0.0,6.112142285714285,0,0,0,0,0.0,0,,0,35.5,0,0,0,0,0.0,0.0,0.0,0,0.0,0.0,0.0,0,0,0,,,0,0,0,0,0,,
2024-08-19 14:45:00,NSE:SUZLON,80.639999,82.449997,77.300003,78.839996,298801863.0,53.951499999999996,44.48359984,64.2573072126515,54.865302429895664,9.392004782755834,6.484472472385962,84.16330210895418,80.3406674917851,27.562332508214894,0.0,6.11214207142857,1,0,0,0,0.0,0,,0,35.5,0,0,0,0,0.0,0.0,0.0,0,0.0,0.0,0.0,0,0,0,,,0,0,0,0,0,,
2024-08-26 14:45:00,NSE:SUZLON,79.339996,79.790001,75.120003,75.839996,244139050.0,55.6359997,45.51639974,66.03925934954987,56.41928641210108,9.619972937448786,7.111572565409499,77.6585325930614,83.13116245784592,28.14083694215408,0.0,5.938570642857142,0,0,0,0,0.0,0,,0,35.5,0,0,0,0,0.0,0.0,0.0,0,0.0,0.0,0.0,0,0,0,,,0,0,0,0,0,,
2024-09-02 14:45:00,NSE:SUZLON,75.839996,77.349998,72.5,74.720001,249754535.0,57.40449985,46.50979978,67.37475807500302,57.775139666647476,9.59961840835554,7.609181734005673,75.31814245374458,85.03871693209655,29.77028276790345,0.0,5.981427642857142,0,1,0,0,,0,,0,72.5,0,0,0,0,0.0,0.0,0.0,0,0.0,0.0,0.0,0,0,0,,,0,0,0,0,0,,
2024-09-09 14:45:00,NSE:SUZLON,75.28,86.04,72.82,83.11,622186949.0,59.47749974999999,47.6559998,69.79556454033934,59.65210972986422,10.14345481047512,8.116036349305238,80.14531290784385,88.32905902197393,30.625940478026052,0.0,6.429285071428572,0,0,0,0,0.0,0,,0,72.5,0,0,0,0,0.0,0.0,0.0,0,0.0,0.0,0.0,0,0,0,,,0,0,0,0,0,,
2024-09-16 14:45:00,NSE:SUZLON,83.88,85.85,78.0,83.45,301402569.0,61.58249985,48.7429998,71.89624693000987,61.41518929156402,10.481057638445847,8.589040607137598,80.31334353270712,91.0029123274658,32.1620873725342,0.0,6.692142285714285,0,0,0,0,0.0,0,,0,72.5,0,0,0,0,0.0,0.0,0.0,0,0.0,0.0,0.0,0,0,0,,,0,0,0,0,0,,
2024-09-23 14:45:00,NSE:SUZLON,84.19,84.99,80.5,81.09,164214343.0,63.641999750000004,49.82879982,73.31067048565495,62.87279156232634,10.437878923328611,8.95880827037845,75.53485477478813,92.43159668858755,34.85240281141246,0.0,6.705713785714286,1,0,0,0,0.0,0,,0,72.5,0,0,0,0,0.0,0.0,0.0,0,0.0,0.0,0.0,0,0,0,,,0,0,0,0,0,,
2024-09-30 14:45:00,NSE:SUZLON,80.8,81.58,72.22,74.67,227611575.0,65.25049974999999,50.672199819999996,73.51979810404916,63.746774824492356,9.773023279556803,9.121651272215054,64.32301322842721,92.62656085433775,37.87443864566223,0.0,7.074285142857143,0,0,0,0,1.0,1,,0,72.5,0,0,0,0,0.0,0.0,0.0,0,0.0,0.0,0.0,0,0,0,,,0,0,0,0,0,,
2024-10-07 14:45:00,NSE:SUZLON,75.64,80.6,66.1,74.39,452655314.0,66.6724997,51.51799986,73.65367531924562,64.53525874991729,9.118416569328332,9.121004331637707,63.87767870239557,92.751170005181,40.593829394819004,0.0,7.819999285714284,0,0,0,0,,1,,0,72.5,0,0,0,0,0.0,0.0,0.0,0,0.0,0.0,0.0,0,0,0,,,0,0,0,0,0,,
2024-10-14 14:45:00,NSE:SUZLON,74.65,75.65,71.1,72.19,182767696.0,67.8994996,52.276799860000004,73.42849450028133,65.10234113266543,8.326153367615902,8.962034138832763,60.34264422149509,92.47564455456524,43.32335464543477,0.0,7.977142285714286,0,0,0,0,,1,,0,72.5,0,0,0,0,0.0,0.0,0.0,0,0.0,0.0,0.0,0,0,0,,,0,0,0,0,0,,
2024-10-21 14:45:00,NSE:SUZLON,72.49,72.77,66.0,67.47,234484550.0,68.7779995,52.85819985999999,72.51180303656804,65.2777417468271,7.234061289740936,8.616439569013384,53.50169913128204,91.85546672169555,45.700532278304465,0.0,8.30499942857143,0,0,0,0,,1,,0,72.5,0,0,0,0,0.0,0.0,0.0,0,0.0,0.0,0.0,0,0,0,,,0,0,0,0,0,,
2024-10-28 14:45:00,NSE:SUZLON,68.0,73.5,66.14,68.14,320972179.0,69.7109995,53.37499988,71.83921795269578,65.48978155746389,6.349436395231891,8.16303893425602,54.29380695628188,90.93804070572355,48.483958294276455,0.0,8.098570857142857,0,0,0,0,,1,,0,72.5,0,0,0,0,0.0,0.0,0.0,0,0.0,0.0,0.0,0,0,0,,,0,0,0,0,0,,
2024-11-04 14:45:00,NSE:SUZLON,68.19,69.85,61.84,62.5,286465930.0,70.18349955,53.812999919999996,70.40241518835056,65.26829625504571,5.134118933304848,7.557254934064647,47.030769406242925,90.23729048886216,50.12970861113782,0.0,7.993570571428571,0,0,0,0,,1,,0,72.5,0,0,0,0,0.0,0.0,0.0,0,0.0,0.0,0.0,0,0,0,,,0,0,0,0,0,,
2024-11-11 14:45:00,NSE:SUZLON,61.5,63.14,53.45,56.73,447138102.0,70.3769995,54.159599879999995,68.29896669487196,64.6357769755357,3.663189719336259,6.778441891117798,40.98957510500948,89.79147172460634,50.962527275393654,0.0,7.902856285714286,0,0,0,0,,1,,0,72.5,0,0,0,0,0.0,0.0,0.0,0,0.0,0.0,0.0,0,0,0,,,0,0,0,0,0,,
2024-11-18 14:45:00,NSE:SUZLON,59.45,68.33,56.8,65.22,455511855.0,70.8634994,54.688999880000004,67.82527951048088,64.67905610598811,3.1462234044927726,6.05199819379192,50.969429923887084,89.16286109196848,52.56413770803151,0.0,8.004999285714286,0,0,0,0,,1,,0,72.5,0,0,0,0,0.0,0.0,0.0,0,0.0,0.0,0.0,0,0,0,,,0,0,0,0,0,,
2024-11-25 14:45:00,NSE:SUZLON,67.0,67.5,62.41,62.98,293912687.0,71.28099935,55.177599900000004,67.07985189273198,64.55319107496159,2.5266608177703915,5.346930718586936,48.632492815883815,88.361326601925,54.200672098075,0.0,8.000714,0,0,0,0,,1,,0,72.5,0,0,0,0,0.0,0.0,0.0,0,0.0,0.0,0.0,0,0,0,,,0,0,0,0,0,,
2024-12-02 14:45:00,NSE:SUZLON,63.11,68.8,62.28,67.39,344661108.0,71.9229994,55.7803999,67.12756698619854,64.7633390188147,2.3642279673838402,4.7503901683458585,53.18353748109483,87.22847638565207,56.61752241434791,0.0,8.132857,0,0,0,0,,1,,0,72.5,0,0,0,0,0.0,0.0,0.0,0,0.0,0.0,0.0,0,0,0,,,0,0,0,0,0,,
2024-12-09 14:45:00,NSE:SUZLON,67.38,67.8,64.86,66.2,178280928.0,72.13849945,56.34039987999999,66.98486437283418,64.86976489190319,2.1150994809309935,4.2233320308625615,51.84862466076744,86.96299228433223,57.314006615667765,0.0,7.996428571428571,0,0,0,0,,1,,0,72.5,0,0,0,0,0.0,0.0,0.0,0,0.0,0.0,0.0,0,0,0,,,0,0,0,0,0,,
2024-12-16 14:45:00,NSE:SUZLON,67.5,70.18,63.95,64.13,425313914.0,71.77749955,56.81099991999999,66.54565446905286,64.8149643738452,1.7306900952076631,3.7248036437313363,49.520179772986936,87.02834561712582,56.52665348287418,0.0,7.4971428571428556,0,0,0,0,,1,,0,72.5,0,0,0,0,0.0,0.0,0.0,0,0.0,0.0,0.0,0,0,0,,,0,0,0,0,0,,
2024-12-23 14:45:00,NSE:SUZLON,65.16,65.38,63.0,63.25,95027221.0,71.1129995,57.177999879999994,66.03863070432105,64.69903497813642,1.3395957261846263,3.247762060221806,48.52255011882639,86.64564813413796,55.580350865862044,0.0,7.10642857142857,0,0,0,0,,1,,0,72.5,0,0,0,0,0.0,0.0,0.0,0,0.0,0.0,0.0,0,0,0,,,0,0,0,0,0,,
2024-12-30 14:45:00,NSE:SUZLON,63.19,65.33,61.06,61.95,257988695.0,70.21299965,57.58099990000001,65.40961059568879,64.49539282172483,0.914217773963955,2.7810532029700887,47.015682012066016,85.67547112796056,54.75052817203944,0.0,7.090714285714284,0,0,0,0,,1,,0,72.5,0,0,0,0,0.0,0.0,0.0,0,0.0,0.0,0.0,0,0,0,,,0,0,0,0,0,,
2025-01-06 14:45:00,NSE:SUZLON,62.05,62.12,55.5,55.57,258170870.0,69.04949985,57.84139991999999,63.89582434963783,63.834222743412795,0.06160160622503241,2.237162883620941,40.386894560455104,85.2624631624856,52.83653653751441,0.0,6.894999999999999,0,0,0,0,,1,,0,72.5,0,0,0,0,0.0,0.0,0.0,0,0.0,0.0,0.0,0,0,0,,,0,0,0,0,0,,
2025-01-13 14:45:00,NSE:SUZLON,54.5,59.8,53.98,56.84,279976219.0,68.09950004999999,58.006199960000004,62.810312910891994,63.31611049718308,-0.505797586291088,1.6885707896384248,42.13581056716958,84.8546840599902,51.34431604000977,0.0,6.2749999999999995,0,0,0,0,,1,,0,72.5,0,0,0,0,0.0,0.0,0.0,0,0.0,0.0,0.0,0,0,0,,,0,0,0,0,0,,
2025-01-20 14:45:00,NSE:SUZLON,57.52,58.79,52.15,52.54,246298420.0,66.9905,58.11,61.230264770335985,62.51784917212874,-1.2875844017927562,1.0933397513520926,38.06397048929309,84.80336522063254,49.17763477936745,0.0,6.424285714285712,0,0,0,0,,1,,0,72.5,0,0,0,0,0.0,0.0,0.0,0,0.0,0.0,0.0,0,0,0,,,0,0,0,0,0,,
2025-01-27 14:45:00,NSE:SUZLON,52.4,61.07,47.81,58.16,458216455.0,65.74300000000001,58.336200039999994,60.75791634402452,62.195033952789124,-1.437117608764602,0.5872482793286885,45.47964377569691,82.24933447785232,49.2366655221477,0.0,6.887857142857142,0,0,0,0,,1,,0,72.5,0,0,0,0,0.0,0.0,0.0,2,0.0,0.0,0.0,0,0,0,,,0,0,0,0,0,,
2025-02-03 14:45:00,NSE:SUZLON,57.78,59.1,52.92,53.61,244171279.0,64.251,58.5104,59.65823690627361,61.55908439449097,-1.9008474882173587,0.08962912581942774,41.18070940321437,79.3529774236774,49.14902257632261,0.0,6.803571428571426,0,0,0,0,,1,,0,72.5,0,0,0,0,0.0,0.0,0.0,0,0.0,0.0,0.0,0,0,0,,,0,0,0,0,0,,
2025-02-10 14:45:00,NSE:SUZLON,53.39,54.39,49.05,51.14,237396869.0,62.753499999999995,58.654199979999994,58.34773892048263,60.78727663502837,-2.439537714545743,-0.4162042422536481,39.0242157470406,76.72209225096367,48.78490774903633,0.0,6.612857142857142,0,0,0,0,,1,,0,72.5,0,0,0,0,0.0,0.0,0.0,0,0.0,0.0,0.0,0,0,0,,,0,0,0,0,0,,
2025-02-17 14:45:00,NSE:SUZLON,51.0,56.3,49.49,55.17,253313374.0,61.77850000000001,58.94560002,57.858856009572726,60.371170223417984,-2.512314213845258,-0.8354262365719978,44.16201222220224,74.94401680077834,48.612983199221674,0.0,6.407142857142857,0,0,0,0,,1,,0,72.5,0,0,0,0,0.0,0.0,0.0,0,0.0,0.0,0.0,0,0,0,,,0,0,0,0,0,,
2025-02-24 14:45:00,NSE:SUZLON,54.6,55.08,49.51,49.71,197239334.0,60.54449999999999,59.15179997999999,56.60518585410972,59.58143309309702,-2.9762472389872983,-1.2635904370550803,39.32714847544537,73.3545708326238,47.734429167376184,0.0,5.982857142857142,0,0,0,0,,1,,0,72.5,0,0,0,0,0.0,0.0,0.0,0,0.0,0.0,0.0,0,0,0,,,0,0,0,0,0,,
2025-03-03 14:45:00,NSE:SUZLON,50.05,56.94,46.6,54.92,411887837.0,59.681,59.50320002,56.34592649191377,59.236133324993695,-2.8902068330799224,-1.5889137162600622,45.462765724933135,71.47368087015246,47.88831912984753,0.0,6.357857142857142,0,0,0,0,,1,,0,72.5,0,0,0,0,0.0,0.0,0.0,0,0.0,0.0,0.0,0,0,0,,,0,0,0,0,0,,
2025-03-10 14:45:00,NSE:SUZLON,55.11,56.79,51.63,54.58,232123891.0,59.036500000000004,59.78679998,56.07424549313545,58.8912267654787,-2.8169812723432486,-1.8345272274767075,45.14193943771858,70.43930533349933,47.63369466650067,0.0,6.260714285714284,0,0,0,0,,1,,0,72.5,0,-1,0,0,0.0,0.0,0.0,0,0.0,0.0,0.0,0,0,0,,,0,0,0,0,0,,
2025-03-17 14:45:00,NSE:SUZLON,54.74,59.4,54.25,56.5,332394014.0,58.454499999999996,60.063799939999996,56.139746186503785,58.714095150370866,-2.574348963867081,-1.9824915747547862,47.399358196761895,69.06134481088046,47.84765518911954,0.0,6.418571428571427,0,0,0,0,,1,,0,72.5,0,0,0,0,0.0,0.0,0.0,0,0.0,0.0,0.0,0,0,0,,,0,0,0,0,0,,
2025-03-24 14:45:00,NSE:SUZLON,57.69,59.48,56.3,56.66,270288652.0,58.1625,60.3539999,56.21978523473869,58.561937005923554,-2.3421517711848665,-2.054423614040804,47.592895764353976,68.62092269480222,47.70407730519778,0.0,6.200714285714285,0,0,0,0,,1,,0,72.5,0,0,0,0,0.0,0.0,0.0,0,0.0,0.0,0.0,0,0,0,,,0,0,0,0,0,,
2025-04-01 14:45:00,NSE:SUZLON,55.5,57.82,54.36,55.36,185118719.0,58.09400000000001,60.67419994,56.08751058323383,58.32475223182945,-2.237241648595621,-2.0909872209517677,46.10845503583183,68.60971735921729,47.57828264078273,0.0,6.277857142857142,0,0,0,0,,1,,0,72.5,0,0,0,0,0.0,0.0,0.0,0,0.0,0.0,0.0,0,0,0,,,0,0,0,0,0,,
2025-04-07 14:45:00,NSE:SUZLON,46.9,54.34,46.15,53.0,223297073.0,57.483000000000004,60.9011999,55.61250895502397,57.93031958855376,-2.3178106335297883,-2.1363519034673724,43.458440805054266,67.67028846729028,47.295711532709724,0.0,6.630714285714285,0,0,0,0,,1,,0,72.5,0,0,0,0,0.0,0.0,0.0,0,0.0,0.0,0.0,0,0,0,,,0,0,0,0,0,,
2025-04-15 14:45:00,NSE:SUZLON,54.88,55.72,53.85,55.07,147912407.0,57.0875,61.175599940000005,55.529046038863456,57.71844080460836,-2.1893947657449075,-2.1469604759228793,46.36995443209683,66.98631625033472,47.18868374966528,0.0,6.352142857142857,0,0,0,0,,1,,0,72.5,0,0,0,0,0.0,0.0,0.0,0,0.0,0.0,0.0,0,0,0,,,0,0,0,0,0,,
2025-04-21 14:45:00,NSE:SUZLON,55.55,61.58,55.5,58.3,558995932.0,56.633,61.5435999,55.95534664828196,57.76151987703648,-1.806173228754517,-2.078803026489206,50.64100049240437,65.29791315594079,47.96808684405921,0.0,6.4014285714285695,0,0,0,0,,1,,0,72.5,0,0,0,0,0.0,0.0,0.0,0,0.0,0.0,0.0,0,0,0,,,0,0,0,0,0,,
2025-04-28 14:45:00,NSE:SUZLON,57.5,59.5,55.86,56.25,199916846.0,56.1355,61.8185999,56.00067793316282,57.649553965254604,-1.6488760320917848,-1.9928176276097214,48.02676078023384,63.53823768704211,48.73276231295789,0.0,6.187142857142858,0,0,0,0,,1,,0,72.5,0,0,0,0,0.0,0.0,0.0,0,0.0,0.0,0.0,0,0,0,,,0,0,0,0,0,,
2025-05-05 14:45:00,NSE:SUZLON,56.5,57.49,51.1,52.67,324365700.0,55.5625,61.95299988,55.48826594343438,57.28069361227164,-1.792427668837263,-1.9527396358552296,43.77665666140557,62.0810334966819,49.0439665033181,0.0,5.696428571428571,0,0,0,0,,1,,0,72.5,0,0,0,0,0.0,0.0,0.0,0,0.0,0.0,0.0,0,0,0,,,0,0,0,0,0,,
2025-05-12 14:45:00,NSE:SUZLON,56.24,62.13,55.24,61.08,400745387.0,55.45399999999999,62.221599839999996,56.34853272138329,57.562126896769406,-1.2135941753861132,-1.804910543761406,54.06136562243542,61.48799631910252,49.420003680897466,0.0,5.930714285714285,0,0,0,0,,1,,0,72.5,0,0,0,0,0.0,0.0,0.0,0,0.0,0.0,0.0,0,0,0,,,0,0,0,0,0,,
2025-05-19 14:45:00,NSE:SUZLON,61.21,62.9,59.35,62.21,309605694.0,55.467000000000006,62.467799799999995,57.250296918107516,57.90641739731073,-0.6561204792032171,-1.5751525308497674,55.245973414748846,61.56074865182135,49.37325134817866,0.0,5.8028571428571425,0,0,0,0,,1,,0,72.5,0,0,0,0,0.0,0.0,0.0,0,0.0,0.0,0.0,0,0,0,,,0,0,0,0,0,,
2025-05-26 14:45:00,NSE:SUZLON,62.83,74.3,62.74,71.48,1068906468.0,56.2625,62.9077998,59.43948200765812,58.9118777059164,0.527604301741718,-1.154601164331469,63.549864213106204,65.66725327749336,46.85774672250665,0.0,6.179999999999999,0,0,0,0,,1,,0,72.5,0,0,0,0,0.0,0.0,0.0,0,0.0,0.0,0.0,0,0,0,,,0,0,0,0,0,,
2025-06-02 14:45:00,NSE:SUZLON,72.2,73.5,66.1,66.71,658463861.0,56.75600000000001,63.18099982,60.55802323726159,59.48952157846372,1.0685016587978637,-0.7099805997056016,57.624933458210045,67.2599389103124,46.25206108968761,0.0,6.304285714285713,0,0,0,0,,1,,0,72.5,0,0,0,0,0.0,0.0,0.0,0,0.0,0.0,0.0,0,0,0,,,0,0,0,0,0,,
2025-06-09 14:45:00,NSE:SUZLON,67.75,69.5,63.32,64.73,550367005.0,57.3655,63.418399799999996,61.19986581615044,59.87770839098853,1.3221574251619117,-0.30355299473209824,55.31936851091239,68.24726354708798,46.48373645291201,0.0,6.007142857142857,0,0,0,0,,1,,0,72.5,0,0,0,0,0.0,0.0,0.0,0,0.0,0.0,0.0,0,0,0,,,0,0,0,0,0,,
2025-06-16 14:45:00,NSE:SUZLON,64.5,65.87,61.76,63.23,440423623.0,57.61899999999999,63.573199759999994,61.51219415212977,60.126028198583136,1.3861659535466373,0.034390794923649354,53.57070971769836,68.8105059896238,46.42749401037618,0.0,5.932142857142858,0,0,0,0,,1,,0,72.5,0,0,0,0,0.0,0.0,0.0,0,0.0,0.0,0.0,0,0,0,,,0,0,0,0,0,,
2025-06-23 14:45:00,NSE:SUZLON,62.6,67.7,62.05,67.32,405258376.0,58.304500000000004,63.82699974,62.405702744115814,60.65891879515581,1.746783948960001,0.3768694257309201,57.5142633110995,70.12398164327801,46.485018356721994,0.0,5.967857142857143,0,0,0,0,,1,,0,72.5,0,0,0,0,0.0,0.0,0.0,0,0.0,0.0,0.0,0,0,0,,,0,0,0,0,0,,
2025-06-30 14:45:00,NSE:SUZLON,67.65,68.17,64.4,65.53,302969414.0,59.024,64.04659975999999,62.88636386040842,61.01974200533832,1.8666218550701004,0.6748199115987563,55.300460881582225,70.75878750956888,47.28921249043113,0.0,6.010000000000001,0,0,0,0,,1,,0,72.5,0,0,0,0,0.0,0.0,0.0,0,0.0,0.0,0.0,0,0,0,,,0,0,0,0,0,,
2025-07-07 14:45:00,NSE:SUZLON,65.8,66.85,65.13,65.92,186419485.0,59.56149999999999,64.12719978,63.35307711265553,61.38272629610008,1.9703508165554453,0.9339260925900943,55.700551050634175,71.5353597303502,47.58764026964978,0.0,5.885714285714286,0,0,0,0,,1,,0,72.5,0,0,0,0,0.0,0.0,0.0,0,0.0,0.0,0.0,0,0,0,,,0,0,0,0,0,,
2025-07-14 14:45:00,NSE:SUZLON,66.22,68.3,64.77,65.06,227443464.0,60.32900000000001,64.00139982,63.61568063378652,61.65511848134523,1.960562152441291,1.1392533045603337,54.541244192328456,71.5907057696471,49.06729423035292,0.0,5.4799999999999995,0,0,0,0,,1,,0,72.5,0,0,0,0,0.0,0.0,0.0,0,0.0,0.0,0.0,0,0,0,,,0,0,0,0,0,,
2025-07-21 14:45:00,NSE:SUZLON,65.24,66.78,62.83,63.62,185386204.0,60.763999999999996,63.7429998,63.61634515166551,61.800666022674235,1.8156791289912775,1.2745384694465225,52.568314145701,71.81614892179213,49.71185107820786,0.0,5.567857142857144,0,0,0,0,,1,,0,72.5,0,0,0,0,0.0,0.0,0.0,0,0.0,0.0,0.0,0,0,0,,,0,0,0,0,0,,
2025-07-28 14:45:00,NSE:SUZLON,63.5,66.8,59.78,65.95,478455218.0,61.3325,63.46299986,63.975368974487246,62.10802558535469,1.8673433891325573,1.3930994533837295,55.38077679209506,72.21368970856045,50.451310291439555,0.0,5.604285714285715,0,0,0,0,,1,,0,72.5,0,0,0,0,0.0,0.0,0.0,2,0.0,0.0,0.0,0,0,0,,,0,0,0,0,0,,
2025-08-04 14:45:00,NSE:SUZLON,66.6,66.81,62.21,63.19,288555894.0,61.66700000000001,63.14999994000001,63.85454297841199,62.18817219811054,1.666370780301449,1.4477537187672735,51.486311590835626,72.33185442938618,51.00214557061384,0.0,5.672857142857143,0,0,0,0,,1,,0,72.5,0,0,0,0,0.0,0.0,0.0,0,0.0,0.0,0.0,0,0,0,,,0,0,0,0,0,,
2025-08-11 14:45:00,NSE:SUZLON,63.2,64.95,60.0,60.06,389236187.0,61.837,62.834400020000004,63.27076713557816,62.03052915775023,1.240237977827931,1.4062505705794053,47.41422176038412,72.27171150585987,51.402288494140144,0.0,5.57,0,0,0,0,,1,,0,72.5,0,0,0,0,0.0,0.0,0.0,0,0.0,0.0,0.0,0,0,0,,,0,0,0,0,0,,
2025-08-18 14:45:00,NSE:SUZLON,61.5,61.64,56.62,58.51,455063187.0,61.994499999999995,62.5102,62.538341422411,61.769748216384706,0.7685932060262957,1.2787190976687834,45.495270835775884,72.1077169383487,51.88128306165129,0.0,5.2528571428571444,0,0,0,0,,1,,0,72.5,0,0,0,0,0.0,0.0,0.0,0,0.0,0.0,0.0,0,0,0,,,0,0,0,0,0,,
2025-08-25 14:45:00,NSE:SUZLON,59.04,59.04,55.53,56.43,233062058.0,62.166,61.9766,61.59859658819252,61.374209901800704,0.22438668639181714,1.0678526154133903,42.98134991077319,71.73888803147491,52.59311196852507,0.0,5.250000000000001,0,0,0,0,,1,,0,72.5,1,0,0,0,0.0,0.0,0.0,0,0.0,0.0,0.0,0,0,0,,,0,0,0,0,0,,
2025-09-01 14:45:00,NSE:SUZLON,56.9,59.1,56.57,57.87,262386514.0,62.306,61.465,61.02496634385448,61.11463794139555,-0.08967159754107001,0.8363477728224982,45.23742254996094,71.51699206040479,53.095007939595206,0.0,4.577142857142858,0,0,0,0,,1,,0,72.5,0,0,0,0,0.0,0.0,0.0,0,0.0,0.0,0.0,0,0,0,,,0,0,0,0,0,,
2025-09-08 14:45:00,NSE:SUZLON,58.1,58.25,56.73,57.11,163311936.0,62.246500000000005,60.9854,60.42266382941468,60.817997187502996,-0.3953333580883154,0.5900115466403354,44.24244999728805,71.58099578600502,52.91200421399499,0.0,4.157142857142858,0,0,0,0,,1,,0,72.5,0,0,0,0,0.0,0.0,0.0,0,0.0,0.0,0.0,0,0,0,,,0,0,0,0,0,,
2025-09-15 14:45:00,NSE:SUZLON,57.39,60.61,57.2,60.4,314746169.0,62.45399999999999,60.7,60.41917708642781,60.7870343452745,-0.3678572588466906,0.39843778554293013,49.42795168996066,71.40381658147825,53.50418341852173,0.0,3.965714285714287,0,0,0,0,,1,,0,72.5,0,0,0,0,0.0,0.0,0.0,0,0.0,0.0,0.0,0,0,0,,,0,0,0,0,0,,
2025-09-22 14:45:00,NSE:SUZLON,60.4,60.97,55.15,55.28,234713261.0,62.58449999999999,60.3178,59.628534457746,60.37910480664723,-0.7505703489012276,0.16863615865409853,42.762774233888045,70.9933962289632,54.175603771036776,0.0,4.0878571428571435,0,0,0,0,,1,,0,72.5,0,0,0,0,0.0,0.0,0.0,0,0.0,0.0,0.0,0,0,0,,,0,0,0,0,0,,
2025-09-29 14:45:00,NSE:SUZLON,55.7,56.36,53.85,54.46,222513256.0,62.253499999999995,59.9632,58.833375310399944,59.940651535259924,-1.1072762248599801,-0.08654631804871728,41.79081397388122,71.4005220060381,53.10647799396189,0.0,3.863571428571429,0,0,0,0,,1,,0,72.5,0,0,0,0,0.0,0.0,0.0,0,0.0,0.0,0.0,0,0,0,,,0,0,0,0,0,,
2025-10-06 14:45:00,NSE:SUZLON,55.0,55.17,52.55,54.31,278846225.0,61.85849999999999,59.7,58.13747141649188,59.52356529962879,-1.3860938831369154,-0.346455831066357,41.60452579165705,71.67148661549007,52.04551338450992,0.0,3.7814285714285725,0,0,0,0,,1,,0,72.5,0,0,0,0,0.0,0.0,0.0,0,0.0,0.0,0.0,0,0,0,,,0,0,0,0,0,,
2025-10-13 14:45:00,NSE:SUZLON,54.29,54.7,52.0,52.92,364249593.0,60.930499999999995,59.3956,57.33478350626198,59.034411297269166,-1.6996277910071882,-0.6170902230545234,39.83257725673431,70.41732959631251,51.44367040368748,0.0,3.8514285714285728,0,0,0,0,,1,,0,72.5,0,0,0,0,0.0,0.0,0.0,0,0.0,0.0,0.0,0,0,0,,,0,0,0,0,0,,
2025-10-20 14:45:00,NSE:SUZLON,53.19,55.25,52.92,53.82,178081349.0,60.28599999999999,59.22200000000001,56.79404758222147,58.64815786486136,-1.854110282639894,-0.8644942349715977,41.56787732104702,69.87051250716472,50.701487492835255,0.0,3.7657142857142865,0,0,0,0,,1,,0,72.5,0,0,0,0,0.0,0.0,0.0,0,0.0,0.0,0.0,0,0,0,,,0,0,0,0,0,,
2025-10-27 14:45:00,NSE:SUZLON,54.1,60.18,53.6,59.3,505650916.0,60.0145,59.2734,57.179578723418295,58.69644255354844,-1.5168638301301414,-0.9949681540033065,50.86100990376073,69.3739589924619,50.6550410075381,0.0,3.953571428571429,0,0,0,0,,1,,0,72.5,0,0,0,0,0.0,0.0,0.0,0,0.0,0.0,0.0,0,0,0,,,0,0,0,0,0,,
2025-11-03 14:45:00,NSE:SUZLON,59.47,61.5,56.93,57.38,662315283.0,59.722,59.1166,57.21041276596934,58.59892812934736,-1.3885153633780192,-1.0736775958782492,47.98168096311989,69.02381102909801,50.42018897090199,0.0,3.7785714285714294,0,0,0,0,,1,,0,72.5,0,0,0,0,0.0,0.0,0.0,0,0.0,0.0,0.0,0,0,0,,,0,0,0,0,0,,
2025-11-10 14:45:00,NSE:SUZLON,57.9,58.95,56.86,57.68,248018078.0,59.239999999999995,59.0106,57.28265695582023,58.53085927498182,-1.2482023191615923,-1.108582540534918,48.47253211241565,67.85798853072954,50.62201146927045,0.0,3.5992857142857155,0,0,0,0,,1,,0,72.5,0,0,0,0,0.0,0.0,0.0,0,0.0,0.0,0.0,0,0,0,,,0,0,0,0,0,,
2025-11-17 14:45:00,NSE:SUZLON,57.8,58.16,55.0,55.1,182376836.0,58.71849999999999,58.764799999999994,56.94686357800167,58.276721191232205,-1.329857613230537,-1.1528375550740417,44.57682938357514,66.98915140946215,50.44784859053783,0.0,3.471428571428572,0,0,0,0,,1,,0,72.5,0,-1,0,0,0.0,0.0,0.0,0,0.0,0.0,0.0,0,0,0,,,0,0,0,0,0,,
2025-11-24 14:45:00,NSE:SUZLON,55.1,55.9,53.75,54.01,258091546.0,58.123000000000005,58.521,56.49503841215518,57.960667355488056,-1.4656289433328737,-1.2153958327258083,43.00431854241606,65.91143163726929,50.334568362730714,0.0,3.266428571428572,0,0,0,0,,1,,0,72.5,0,0,0,0,0.0,0.0,0.0,0,0.0,0.0,0.0,0,0,0,,,0,0,0,0,0,,
2025-12-01 14:45:00,NSE:SUZLON,54.3,54.74,50.6,51.74,255048073.0,57.456999999999994,58.273199999999996,55.76349404105428,57.4998766218952,-1.7363825808409175,-1.3195931823488303,39.85140438755619,65.02261501309124,49.891384986908754,0.0,3.311428571428572,0,0,0,0,,1,,0,72.5,0,0,0,0,0.0,0.0,0.0,0,0.0,0.0,0.0,0,0,0,,,0,0,0,0,0,,
2025-12-08 14:45:00,NSE:SUZLON,52.01,53.2,51.0,53.02,316917785.0,56.927,58.0686,55.34141803473818,57.168033536337845,-1.8266155015996617,-1.4209976461989966,42.415162327982536,64.15223967914201,49.701760320857986,0.0,3.2778571428571435,0,0,0,0,,1,,0,72.5,0,0,0,0,0.0,0.0,0.0,0,0.0,0.0,0.0,0,0,0,,,0,0,0,0,0,,
2025-12-15 14:45:00,NSE:SUZLON,52.99,53.35,51.32,52.59,162285944.0,56.259,57.88139999999999,54.918122952470725,56.82891958828212,-1.9107966358113941,-1.5189574441214764,41.77103761653211,62.353691046096074,50.16430895390393,0.0,3.3142857142857145,0,0,0,0,,1,,0,72.5,0,0,0,0,0.0,0.0,0.0,0,0.0,0.0,0.0,0,0,0,,,0,0,0,0,0,,
2025-12-22 14:45:00,NSE:SUZLON,52.9,55.05,52.8,53.2,155126068.0,55.7595,57.834,54.65379634439828,56.56011047096941,-1.9063141265711323,-1.5964287806114077,43.0913395277421,61.04639930020625,50.47260069979376,0.0,3.2399999999999998,0,0,0,0,,1,,0,72.5,0,0,0,0,0.0,0.0,0.0,0,0.0,0.0,0.0,0,0,0,,,0,0,0,0,0,,
2025-12-29 14:45:00,NSE:SUZLON,53.44,54.4,51.81,54.28,261912717.0,55.4705,57.782799999999995,54.596289214490845,56.39121324841184,-1.7949240339209922,-1.6361278312733247,45.44969875551435,60.386486702906424,50.55451329709358,0.0,3.009285714285714,0,0,0,0,,1,,0,72.5,0,0,0,0,0.0,0.0,0.0,0,0.0,0.0,0.0,0,0,0,,,0,0,0,0,0,,
2026-01-05 14:45:00,NSE:SUZLON,54.4,54.54,48.87,49.2,269791737.0,55.004999999999995,57.716,53.76609087379989,55.85853034567533,-2.092439471875437,-1.7273901593937473,37.564181812332244,60.444421408858894,49.5655785911411,0.0,3.235,0,0,0,0,,1,,0,72.5,0,0,0,0,0.0,0.0,0.0,0,0.0,0.0,0.0,0,0,0,,,0,0,0,0,0,,
2026-01-12 14:45:00,NSE:SUZLON,49.3,49.8,47.8,48.45,302763689.0,54.605999999999995,57.521800000000006,52.948230739369095,55.30974990045439,-2.3615191610852975,-1.8542159597320576,36.55577133976837,60.73261287035114,48.47938712964885,0.0,3.1907142857142854,0,0,0,0,,1,,0,72.5,0,0,0,0,0.0,0.0,0.0,0,0.0,0.0,0.0,0,0,0,,,0,0,0,0,0,,
2026-01-19 14:45:00,NSE:SUZLON,48.69,48.92,45.37,45.7,297429125.0,53.9975,57.3636,51.83311831792765,54.59791607052141,-2.7647977525937577,-2.0363323183043978,33.05213483575402,61.099030969112036,46.89596903088797,0.0,3.2514285714285713,0,0,0,0,,1,,0,72.5,0,0,0,0,0.0,0.0,0.0,0,0.0,0.0,0.0,0,0,0,,,0,0,0,0,0,,
2026-01-27 14:45:00,NSE:SUZLON,45.85,48.95,44.88,46.17,306988316.0,53.4505,57.2642,50.961869345938744,53.97362558197045,-3.011756236031708,-2.23141710184986,34.21266184380781,61.198487107018195,45.7025128929818,0.0,3.3757142857142854,0,0,0,0,,1,,0,72.5,0,0,0,0,0.0,0.0,0.0,0,0.0,0.0,0.0,0,0,0,,,0,0,0,0,0,,
2026-02-02 14:45:00,NSE:SUZLON,46.5,50.02,45.41,48.04,358830741.0,52.832499999999996,57.1216,50.51235098502508,53.53409749429463,-3.0217465092695477,-2.3894829833337976,38.76121736475922,60.20939386923035,45.455606130769645,0.0,3.2350000000000003,0,0,0,0,,1,,0,72.5,0,0,0,0,0.0,0.0,0.0,0,0.0,0.0,0.0,0,0,0,,,0,0,0,0,0,,
2026-02-09 14:45:00,NSE:SUZLON,48.26,48.57,45.55,45.67,240795320.0,52.352,57.0408,49.767373910405816,52.95157142658072,-3.1841975161749048,-2.548425889902019,35.41882972727967,60.28834835822819,44.4156516417718,0.0,3.124285714285715,0,0,0,0,,1,,0,72.5,0,0,0,0,0.0,0.0,0.0,0,0.0,0.0,0.0,0,0,0,,,0,0,0,0,0,,
2026-02-16 14:45:00,NSE:SUZLON,45.67,46.57,44.26,44.46,199549368.0,51.852,56.8316,48.950854847266434,52.32256580839087,-3.3717109611244354,-2.7130829041465025,33.8155913423803,60.46070697546773,43.243293024532264,0.0,3.1400000000000006,0,0,0,0,,1,,0,72.5,0,0,0,0,0.0,0.0,0.0,0,0.0,0.0,0.0,0,0,0,,,0,0,0,0,0,,
2026-02-23 14:45:00,NSE:SUZLON,44.56,44.96,42.45,42.67,317376297.0,51.27,56.5934,47.9845694861485,51.60756058917129,-3.622991103022791,-2.8950645439217606,31.541057081269926,60.71250858729001,41.827491412709996,0.0,3.0935714285714293,0,0,0,0,,1,,0,72.5,0,0,0,0,0.0,0.0,0.0,0,0.0,0.0,0.0,0,0,0,,,0,0,0,0,0,,
2026-03-02 14:45:00,NSE:SUZLON,39.13,41.79,39.13,40.95,116013965.0,50.6715,56.282399999999996,46.902328026741024,50.81811130442278,-3.9157832776817543,-3.0992082906737597,29.48853078026889,61.13577964176442,40.20722035823558,0.0,3.1928571428571435,0,0,0,0,,1,,0,72.5,0,0,0,0,0.0,0.0,0.0,0,0.0,0.0,0.0,0,1,1,41.79,42.45,0,0,0,0,0,,
